Rank,Male name,Percent of,Female name,Percent of
1,Liam,1.10%,Olivia,0.93%
2,Noah,1.00%,Emma,0.81%
3,Oliver,0.81%,Charlotte,0.72%
4,James,0.65%,Amelia,0.69%
5,Elijah,0.64%,Sophia,0.69%
6,William,0.61%,Isabella,0.65%
7,Henry,0.60%,Ava,0.62%
8,Lucas,0.59%,Mia,0.62%
9,Benjamin,0.58%,Evelyn,0.52%
10,Theodore,0.58%,Luna,0.50%
11,Mateo,0.55%,Harper,0.46%
12,Levi,0.53%,Camila,0.45%
13,Sebastian,0.50%,Sofia,0.41%
14,Daniel,0.49%,Scarlett,0.40%
15,Jack,0.48%,Elizabeth,0.39%
16,Michael,0.47%,Eleanor,0.39%
17,Alexander,0.47%,Emily,0.36%
18,Owen,0.46%,Chloe,0.36%
19,Asher,0.45%,Mila,0.36%
20,Samuel,0.45%,Violet,0.36%
21,Ethan,0.44%,Penelope,0.36%
22,Leo,0.44%,Gianna,0.36%
23,Jackson,0.43%,Aria,0.36%
24,Mason,0.43%,Abigail,0.35%
25,Ezra,0.43%,Ella,0.35%
26,John,0.43%,Avery,0.35%
27,Hudson,0.42%,Hazel,0.34%
28,Luca,0.42%,Nora,0.34%
29,Aiden,0.42%,Layla,0.34%
30,Joseph,0.42%,Lily,0.33%
31,David,0.42%,Aurora,0.33%
32,Jacob,0.41%,Nova,0.33%
33,Logan,0.41%,Ellie,0.32%
34,Luke,0.39%,Madison,0.31%
35,Julian,0.39%,Grace,0.29%
36,Gabriel,0.39%,Isla,0.29%
37,Grayson,0.38%,Willow,0.28%
38,Wyatt,0.38%,Zoe,0.28%
39,Matthew,0.38%,Riley,0.27%
40,Maverick,0.38%,Stella,0.27%
41,Dylan,0.36%,Eliana,0.27%
42,Isaac,0.36%,Ivy,0.27%
43,Elias,0.36%,Victoria,0.27%
44,Anthony,0.35%,Emilia,0.26%
45,Thomas,0.35%,Zoey,0.25%
46,Jayden,0.35%,Naomi,0.25%
47,Carter,0.34%,Hannah,0.25%
48,Santiago,0.32%,Lucy,0.25%
49,Ezekiel,0.32%,Elena,0.24%
50,Charles,0.32%,Lillian,0.24%
51,Josiah,0.31%,Maya,0.24%
52,Caleb,0.31%,Leah,0.23%
53,Cooper,0.30%,Paisley,0.23%
54,Lincoln,0.30%,Addison,0.22%
55,Miles,0.30%,Natalie,0.22%
56,Christopher,0.30%,Valentina,0.22%
57,Nathan,0.30%,Everly,0.22%
58,Isaiah,0.29%,Delilah,0.22%
59,Kai,0.29%,Leilani,0.21%
60,Joshua,0.28%,Madelyn,0.21%
61,Andrew,0.28%,Kinsley,0.21%
62,Angel,0.27%,Ruby,0.20%
63,Adrian,0.27%,Sophie,0.20%
64,Cameron,0.27%,Alice,0.20%
65,Nolan,0.26%,Genesis,0.19%
66,Waylon,0.26%,Claire,0.19%
67,Jaxon,0.26%,Audrey,0.19%
68,Roman,0.25%,Sadie,0.18%
69,Eli,0.25%,Aaliyah,0.18%
70,Wesley,0.25%,Josephine,0.18%
71,Aaron,0.24%,Autumn,0.18%
72,Ian,0.24%,Brooklyn,0.18%
73,Christian,0.24%,Quinn,0.17%
74,Ryan,0.23%,Kennedy,0.17%
75,Leonardo,0.23%,Cora,0.17%
76,Brooks,0.23%,Savannah,0.17%
77,Axel,0.23%,Caroline,0.17%
78,Walker,0.23%,Athena,0.17%
79,Jonathan,0.22%,Natalia,0.17%
80,Easton,0.22%,Hailey,0.17%
81,Everett,0.22%,Aubrey,0.17%
82,Weston,0.22%,Emery,0.17%
83,Bennett,0.22%,Anna,0.17%
84,Robert,0.22%,Iris,0.16%
85,Jameson,0.22%,Bella,0.16%
86,Landon,0.22%,Eloise,0.16%
87,Silas,0.21%,Skylar,0.16%
88,Jose,0.21%,Jade,0.16%
89,Beau,0.21%,Gabriella,0.16%
90,Micah,0.21%,Ariana,0.16%
91,Colton,0.21%,Maria,0.16%
92,Jordan,0.21%,Adeline,0.16%
93,Jeremiah,0.21%,Lydia,0.16%
94,Parker,0.21%,Sarah,0.16%
95,Greyson,0.20%,Nevaeh,0.16%
96,Rowan,0.20%,Serenity,0.16%
97,Adam,0.19%,Liliana,0.16%
98,Nicholas,0.19%,Ayla,0.15%
99,Theo,0.19%,Everleigh,0.15%
100,Xavier,0.19%,Raelynn,0.15%
101,Hunter,0.19%,Allison,0.15%
102,Dominic,0.19%,Madeline,0.15%
103,Jace,0.19%,Vivian,0.15%
104,Gael,0.19%,Maeve,0.15%
105,River,0.19%,Lyla,0.15%
106,Thiago,0.19%,Samantha,0.14%
107,Kayden,0.19%,Rylee,0.14%
108,Damian,0.18%,Eva,0.14%
109,August,0.18%,Melody,0.14%
110,Carson,0.18%,Clara,0.14%
111,Austin,0.18%,Hadley,0.14%
112,Myles,0.18%,Julia,0.14%
113,Amir,0.18%,Piper,0.14%
114,Declan,0.18%,Juniper,0.14%
115,Emmett,0.18%,Parker,0.13%
116,Ryder,0.18%,Brielle,0.13%
117,Luka,0.18%,Eden,0.13%
118,Connor,0.17%,Remi,0.13%
119,Jaxson,0.17%,Josie,0.13%
120,Milo,0.17%,Rose,0.13%
121,Enzo,0.17%,Arya,0.13%
122,Giovanni,0.16%,Eliza,0.13%
123,Vincent,0.16%,Charlie,0.13%
124,Diego,0.16%,Peyton,0.13%
125,Luis,0.16%,Daisy,0.13%
126,Archer,0.16%,Lucia,0.12%
127,Harrison,0.16%,Millie,0.12%
128,Kingston,0.16%,Margaret,0.12%
129,Atlas,0.16%,Freya,0.12%
130,Jasper,0.16%,Melanie,0.12%
131,Sawyer,0.16%,Elliana,0.12%
132,Legend,0.15%,Adalynn,0.12%
133,Lorenzo,0.15%,Alina,0.12%
134,Evan,0.15%,Emersyn,0.12%
135,Jonah,0.15%,Sienna,0.12%
136,Chase,0.14%,Mary,0.12%
137,Bryson,0.14%,Isabelle,0.12%
138,Adriel,0.14%,Alaia,0.12%
139,Nathaniel,0.14%,Esther,0.12%
140,Arthur,0.14%,Sloane,0.11%
141,Juan,0.14%,Mackenzie,0.11%
142,George,0.14%,Amara,0.11%
143,Cole,0.14%,Ximena,0.11%
144,Zion,0.14%,Sage,0.11%
145,Jason,0.14%,Cecilia,0.11%
146,Ashton,0.14%,Valeria,0.11%
147,Carlos,0.14%,Reagan,0.11%
148,Calvin,0.14%,Valerie,0.11%
149,Brayden,0.14%,Catalina,0.11%
150,Elliot,0.14%,River,0.11%
151,Rhett,0.13%,Magnolia,0.10%
152,Emiliano,0.13%,Kehlani,0.10%
153,Ace,0.13%,Summer,0.10%
154,Jayce,0.13%,Ashley,0.10%
155,Graham,0.13%,Andrea,0.10%
156,Max,0.13%,Isabel,0.10%
157,Braxton,0.13%,Oakley,0.10%
158,Leon,0.13%,Olive,0.10%
159,Ivan,0.13%,Oaklynn,0.10%
160,Hayden,0.12%,Ember,0.10%
161,Jude,0.12%,Kaylee,0.10%
162,Malachi,0.12%,Georgia,0.10%
163,Dean,0.12%,Juliette,0.10%
164,Tyler,0.12%,Anastasia,0.10%
165,Jesus,0.12%,Genevieve,0.10%
166,Zachary,0.12%,Katherine,0.10%
167,Kaiden,0.12%,Blakely,0.10%
168,Elliott,0.12%,Reese,0.10%
169,Arlo,0.12%,Amaya,0.10%
170,Emmanuel,0.12%,Emerson,0.10%
171,Ayden,0.12%,Brianna,0.10%
172,Bentley,0.12%,June,0.10%
173,Maxwell,0.12%,Alani,0.09%
174,Amari,0.12%,Lainey,0.09%
175,Ryker,0.12%,Arianna,0.09%
176,Finn,0.11%,Rosalie,0.09%
177,Antonio,0.11%,Sara,0.09%
178,Charlie,0.11%,Jasmine,0.09%
179,Maddox,0.11%,Ruth,0.09%
180,Justin,0.11%,Adalyn,0.09%
181,Judah,0.11%,Ada,0.09%
182,Kevin,0.11%,Bailey,0.09%
183,Dawson,0.11%,Ariella,0.09%
184,Matteo,0.11%,Wren,0.09%
185,Miguel,0.11%,Myla,0.09%
186,Zayden,0.11%,Khloe,0.09%
187,Camden,0.11%,Callie,0.09%
188,Messiah,0.11%,Elsie,0.09%
189,Alan,0.11%,Alexandra,0.09%
190,Alex,0.11%,Ryleigh,0.09%
191,Nicolas,0.11%,Faith,0.09%
192,Felix,0.11%,Norah,0.09%
193,Alejandro,0.10%,Margot,0.09%
194,Jesse,0.10%,Zuri,0.08%
195,Beckett,0.10%,Journee,0.08%
196,Matias,0.10%,Aspen,0.08%
197,Tucker,0.10%,Gemma,0.08%
198,Emilio,0.10%,Kylie,0.08%
199,Xander,0.10%,Molly,0.08%
200,Knox,0.10%,Blake,0.08%
201,Oscar,0.10%,Zara,0.08%
202,Beckham,0.10%,Alaina,0.08%
203,Timothy,0.10%,Alana,0.08%
204,Abraham,0.10%,Brynlee,0.08%
205,Andres,0.10%,Amy,0.08%
206,Gavin,0.10%,Annie,0.08%
207,Brody,0.10%,Saylor,0.08%
208,Barrett,0.10%,Ana,0.08%
209,Hayes,0.10%,Amira,0.08%
210,Jett,0.09%,Kimberly,0.08%
211,Brandon,0.09%,Noelle,0.08%
212,Joel,0.09%,Kamila,0.08%
213,Victor,0.09%,Morgan,0.08%
214,Peter,0.09%,Phoebe,0.08%
215,Abel,0.09%,Harmony,0.08%
216,Edward,0.09%,Sutton,0.08%
217,Karter,0.09%,Taylor,0.08%
218,Patrick,0.09%,Finley,0.08%
219,Richard,0.09%,Lilah,0.08%
220,Grant,0.09%,Juliana,0.08%
221,Avery,0.09%,Lila,0.08%
222,King,0.09%,Londyn,0.08%
223,Caden,0.09%,Kailani,0.08%
224,Adonis,0.09%,Vera,0.07%
225,Riley,0.09%,Kaia,0.07%
226,Tristan,0.09%,Angela,0.07%
227,Kyrie,0.09%,Hallie,0.07%
228,Blake,0.08%,Diana,0.07%
229,Eric,0.08%,Lennon,0.07%
230,Griffin,0.08%,Presley,0.07%
231,Malakai,0.08%,Arabella,0.07%
232,Rafael,0.08%,Aliyah,0.07%
233,Israel,0.08%,Lilly,0.07%
234,Tate,0.08%,Milani,0.07%
235,Lukas,0.08%,Jordyn,0.07%
236,Nico,0.08%,Camille,0.07%
237,Marcus,0.08%,Ariel,0.07%
238,Stetson,0.08%,Aubree,0.07%
239,Javier,0.08%,Selena,0.07%
240,Colt,0.08%,Sawyer,0.07%
241,Omar,0.08%,Nyla,0.07%
242,Simon,0.08%,Delaney,0.07%
243,Kash,0.08%,Mariana,0.07%
244,Remington,0.08%,Rachel,0.07%
245,Jeremy,0.08%,Adaline,0.07%
246,Louis,0.08%,Leila,0.07%
247,Mark,0.08%,Collins,0.07%
248,Lennox,0.08%,Lia,0.07%
249,Callum,0.08%,Octavia,0.07%
250,Kairo,0.08%,Kali,0.07%
251,Nash,0.08%,Lena,0.07%
252,Kyler,0.07%,Kiara,0.07%
253,Dallas,0.07%,Kaylani,0.07%
254,Crew,0.07%,Elaina,0.07%
255,Preston,0.07%,Daniela,0.07%
256,Paxton,0.07%,Leia,0.07%
257,Steven,0.07%,Gracie,0.07%
258,Zane,0.07%,Dakota,0.07%
259,Kaleb,0.07%,Elise,0.07%
260,Lane,0.07%,Hope,0.07%
261,Phoenix,0.07%,Harlow,0.07%
262,Paul,0.07%,Lola,0.07%
263,Cash,0.07%,Stevie,0.07%
264,Kenneth,0.07%,Malia,0.07%
265,Bryce,0.07%,Miriam,0.07%
266,Ronan,0.07%,Alora,0.07%
267,Kaden,0.07%,Gia,0.07%
268,Maximiliano,0.07%,Evangeline,0.07%
269,Walter,0.07%,Brooke,0.07%
270,Maximus,0.07%,Lilith,0.07%
271,Emerson,0.07%,Sydney,0.07%
272,Hendrix,0.07%,Ophelia,0.07%
273,Jax,0.07%,Alayna,0.06%
274,Atticus,0.07%,Tatum,0.06%
275,Zayn,0.07%,Evie,0.06%
276,Tobias,0.07%,Rowan,0.06%
277,Cohen,0.07%,Marley,0.06%
278,Aziel,0.07%,Daphne,0.06%
279,Kayson,0.07%,Kayla,0.06%
280,Rory,0.07%,Dahlia,0.06%
281,Brady,0.07%,Lucille,0.06%
282,Finley,0.07%,Blair,0.06%
283,Holden,0.07%,Adelaide,0.06%
284,Jorge,0.07%,Wrenley,0.06%
285,Malcolm,0.07%,Haven,0.06%
286,Clayton,0.06%,Teagan,0.06%
287,Niko,0.06%,Adelyn,0.06%
288,Francisco,0.06%,Alyssa,0.06%
289,Josue,0.06%,Payton,0.06%
290,Brian,0.06%,Jane,0.06%
291,Bryan,0.06%,Mckenna,0.06%
292,Cade,0.06%,Celeste,0.06%
293,Colin,0.06%,Juliet,0.06%
294,Andre,0.06%,Palmer,0.06%
295,Cayden,0.06%,Maggie,0.06%
296,Aidan,0.06%,Rebecca,0.06%
297,Muhammad,0.06%,London,0.06%
298,Derek,0.06%,Noa,0.06%
299,Ali,0.06%,Samara,0.06%
300,Elian,0.06%,Thea,0.06%
301,Bodhi,0.06%,Kendall,0.06%
302,Cody,0.06%,Mya,0.06%
303,Jensen,0.06%,Talia,0.06%
304,Damien,0.06%,Winter,0.06%
305,Martin,0.06%,Angelina,0.06%
306,Cairo,0.06%,Vivienne,0.06%
307,Ellis,0.06%,Esme,0.06%
308,Khalil,0.06%,Laila,0.06%
309,Otto,0.06%,Nina,0.06%
310,Zander,0.06%,Trinity,0.06%
311,Dante,0.06%,Vanessa,0.06%
312,Ismael,0.06%,Mabel,0.06%
313,Angelo,0.06%,Camilla,0.06%
314,Brantley,0.06%,Jocelyn,0.06%
315,Manuel,0.06%,Journey,0.06%
316,Colson,0.06%,Paige,0.06%
317,Cruz,0.06%,Phoenix,0.06%
318,Tatum,0.06%,Amina,0.06%
319,Jaylen,0.06%,Alivia,0.06%
320,Jaden,0.06%,Amari,0.06%
321,Erick,0.06%,Joanna,0.06%
322,Cristian,0.06%,Nicole,0.06%
323,Romeo,0.06%,Annabelle,0.06%
324,Milan,0.06%,Raegan,0.06%
325,Reid,0.06%,Aitana,0.06%
326,Cyrus,0.06%,Julianna,0.06%
327,Leonel,0.06%,Lauren,0.06%
328,Joaquin,0.05%,Catherine,0.05%
329,Ari,0.05%,Adriana,0.05%
330,Odin,0.05%,Madilyn,0.05%
331,Orion,0.05%,Harley,0.05%
332,Ezequiel,0.05%,Tessa,0.05%
333,Gideon,0.05%,Evelynn,0.05%
334,Daxton,0.05%,Elianna,0.05%
335,Warren,0.05%,Rory,0.05%
336,Casey,0.05%,Dream,0.05%
337,Anderson,0.05%,Nayeli,0.05%
338,Spencer,0.05%,Poppy,0.05%
339,Karson,0.05%,Gabriela,0.05%
340,Eduardo,0.05%,Jayla,0.05%
341,Chance,0.05%,Cataleya,0.05%
342,Fernando,0.05%,Celine,0.05%
343,Raymond,0.05%,Hayden,0.05%
344,Bradley,0.05%,Shiloh,0.05%
345,Cesar,0.05%,Mariah,0.05%
346,Wade,0.05%,Charlee,0.05%
347,Prince,0.05%,Maisie,0.05%
348,Julius,0.05%,Regina,0.05%
349,Dakota,0.05%,Adelynn,0.05%
350,Kade,0.05%,Briella,0.05%
351,Koa,0.05%,Giselle,0.05%
352,Raiden,0.05%,Fatima,0.05%
353,Callan,0.05%,Danna,0.05%
354,Hector,0.05%,Alessia,0.05%
355,Onyx,0.05%,Mckenzie,0.05%
356,Remy,0.05%,Wynter,0.05%
357,Ricardo,0.05%,Fiona,0.05%
358,Edwin,0.05%,Brooklynn,0.05%
359,Stephen,0.05%,Gracelynn,0.05%
360,Kane,0.05%,Luciana,0.05%
361,Saint,0.05%,Alexis,0.05%
362,Titus,0.05%,Everlee,0.05%
363,Desmond,0.05%,Laura,0.05%
364,Killian,0.05%,Selah,0.05%
365,Sullivan,0.05%,Reign,0.05%
366,Mario,0.05%,Alayah,0.05%
367,Jay,0.05%,Rosemary,0.05%
368,Kamari,0.05%,Lilliana,0.05%
369,Luciano,0.05%,Ariyah,0.05%
370,Royal,0.05%,Heidi,0.05%
371,Zyaire,0.05%,Esmeralda,0.05%
372,Marco,0.05%,Logan,0.05%
373,Wilder,0.05%,Amora,0.05%
374,Russell,0.05%,Kalani,0.05%
375,Nasir,0.05%,Leighton,0.05%
376,Rylan,0.05%,Cali,0.05%
377,Archie,0.05%,Melissa,0.05%
378,Jared,0.05%,Aniyah,0.05%
379,Gianni,0.05%,Izabella,0.05%
380,Kashton,0.05%,Michelle,0.05%
381,Kobe,0.05%,Raelyn,0.05%
382,Sergio,0.05%,Alessandra,0.05%
383,Travis,0.05%,Viviana,0.05%
384,Marshall,0.04%,Madeleine,0.05%
385,Iker,0.04%,Arielle,0.05%
386,Briggs,0.04%,Serena,0.05%
387,Gunner,0.04%,Francesca,0.05%
388,Apollo,0.04%,Brynn,0.04%
389,Bowen,0.04%,Gwendolyn,0.04%
390,Baylor,0.04%,Kira,0.04%
391,Sage,0.04%,Destiny,0.04%
392,Tyson,0.04%,Elle,0.04%
393,Kyle,0.04%,Makayla,0.04%
394,Oakley,0.04%,Alaya,0.04%
395,Malik,0.04%,Malani,0.04%
396,Mathias,0.04%,Willa,0.04%
397,Sean,0.04%,Saige,0.04%
398,Armani,0.04%,Makenna,0.04%
399,Hugo,0.04%,Remington,0.04%
400,Johnny,0.04%,Demi,0.04%
401,Sterling,0.04%,Adelina,0.04%
402,Forrest,0.04%,Raya,0.04%
403,Harvey,0.04%,Astrid,0.04%
404,Banks,0.04%,Azalea,0.04%
405,Grady,0.04%,Veronica,0.04%
406,Kameron,0.04%,Meadow,0.04%
407,Jake,0.04%,Anaya,0.04%
408,Franklin,0.04%,Elisa,0.04%
409,Lawson,0.04%,Raven,0.04%
410,Tanner,0.04%,Alexandria,0.04%
411,Eden,0.04%,Hattie,0.04%
412,Jaziel,0.04%,Alicia,0.04%
413,Pablo,0.04%,Sabrina,0.04%
414,Reed,0.04%,Gracelyn,0.04%
415,Pedro,0.04%,Matilda,0.04%
416,Zayne,0.04%,Skye,0.04%
417,Royce,0.04%,Annalise,0.04%
418,Edgar,0.04%,Frances,0.04%
419,Ibrahim,0.04%,Miracle,0.04%
420,Winston,0.04%,Maia,0.04%
421,Ronin,0.04%,Helen,0.04%
422,Leonidas,0.04%,Lana,0.04%
423,Devin,0.04%,Daleyza,0.04%
424,Damon,0.04%,Rosie,0.04%
425,Noel,0.04%,Charli,0.04%
426,Rhys,0.04%,Bianca,0.04%
427,Clark,0.04%,Royalty,0.04%
428,Corbin,0.04%,Sarai,0.04%
429,Sonny,0.04%,Amiyah,0.04%
430,Colter,0.04%,Nylah,0.04%
431,Esteban,0.04%,Aylin,0.04%
432,Erik,0.04%,Maryam,0.04%
433,Baker,0.04%,Scarlet,0.04%
434,Adan,0.04%,Antonella,0.04%
435,Dariel,0.04%,Sylvia,0.04%
436,Kylo,0.04%,Sylvie,0.04%
437,Tripp,0.04%,Nadia,0.04%
438,Caiden,0.04%,Ari,0.04%
439,Frank,0.04%,Lexi,0.04%
440,Solomon,0.04%,Mylah,0.04%
441,Major,0.04%,Julieta,0.04%
442,Memphis,0.04%,Lorelei,0.04%
443,Quinn,0.04%,Avianna,0.04%
444,Dax,0.04%,Armani,0.04%
445,Hank,0.04%,Camryn,0.04%
446,Donovan,0.04%,Emely,0.04%
447,Finnegan,0.04%,Rylie,0.04%
448,Nehemiah,0.04%,Colette,0.04%
449,Andy,0.04%,Daniella,0.04%
450,Camilo,0.04%,Liana,0.04%
451,Asa,0.04%,Brinley,0.04%
452,Jeffrey,0.04%,Kate,0.04%
453,Santino,0.04%,Salem,0.04%
454,Isaias,0.04%,Marlee,0.04%
455,Jaiden,0.04%,Alison,0.04%
456,Kian,0.04%,Carmen,0.04%
457,Fabian,0.04%,Felicity,0.04%
458,Callen,0.04%,Fernanda,0.04%
459,Ruben,0.04%,Holly,0.04%
460,Alexis,0.04%,Ariah,0.04%
461,Emanuel,0.04%,Aisha,0.04%
462,Francis,0.04%,Kora,0.04%
463,Garrett,0.04%,Amanda,0.04%
464,Kendrick,0.04%,Ailani,0.04%
465,Matthias,0.04%,Elaine,0.04%
466,Wells,0.04%,Emory,0.04%
467,Augustus,0.04%,Joy,0.04%
468,Jasiah,0.04%,Oaklee,0.04%
469,Alijah,0.03%,Lyric,0.04%
470,Alonzo,0.03%,Madelynn,0.04%
471,Koda,0.03%,Haisley,0.04%
472,Collin,0.03%,Allie,0.04%
473,Ford,0.03%,Helena,0.04%
474,Frederick,0.03%,Danielle,0.04%
475,Jaxton,0.03%,Katalina,0.04%
476,Kohen,0.03%,Carolina,0.04%
477,Troy,0.03%,Zariah,0.04%
478,Kason,0.03%,Navy,0.04%
479,Seth,0.03%,Cassidy,0.04%
480,Denver,0.03%,Lorelai,0.04%
481,Kyson,0.03%,Stephanie,0.04%
482,Ares,0.03%,Alma,0.04%
483,Raphael,0.03%,Mira,0.04%
484,Bodie,0.03%,Legacy,0.04%
485,Sylas,0.03%,Jolene,0.04%
486,Uriel,0.03%,Anya,0.04%
487,Zaiden,0.03%,Dorothy,0.04%
488,Shiloh,0.03%,Paris,0.04%
489,Lewis,0.03%,Yaretzi,0.04%
490,Kieran,0.03%,Aurelia,0.04%
491,Marcos,0.03%,Maddison,0.04%
492,Bo,0.03%,Renata,0.04%
493,Shepherd,0.03%,Jimena,0.04%
494,Philip,0.03%,Xiomara,0.04%
495,Zaire,0.03%,Itzel,0.04%
496,Gregory,0.03%,Heaven,0.04%
497,Princeton,0.03%,Lyra,0.04%
498,Roberto,0.03%,Estella,0.04%
499,Leland,0.03%,Gabrielle,0.04%
500,Eithan,0.03%,Maren,0.04%
501,Moshe,0.03%,Jacqueline,0.04%
502,Johnathan,0.03%,Jennifer,0.04%
503,Lucca,0.03%,Imani,0.03%
504,Kenzo,0.03%,Jordan,0.03%
505,Mack,0.03%,Paislee,0.03%
506,Porter,0.03%,Ainsley,0.03%
507,Kolton,0.03%,Emmy,0.03%
508,Kaison,0.03%,Jessica,0.03%
509,Valentino,0.03%,Alondra,0.03%
510,Saul,0.03%,Mae,0.03%
511,Shane,0.03%,Makenzie,0.03%
512,Jamari,0.03%,Bristol,0.03%
513,Rocco,0.03%,Edith,0.03%
514,Kylan,0.03%,Cameron,0.03%
515,Deacon,0.03%,Elora,0.03%
516,Dalton,0.03%,Jazlyn,0.03%
517,Moses,0.03%,Averie,0.03%
518,Callahan,0.03%,Ivory,0.03%
519,Tadeo,0.03%,Kenzie,0.03%
520,Makai,0.03%,Emelia,0.03%
521,Amiri,0.03%,Angel,0.03%
522,Rowen,0.03%,Cecelia,0.03%
523,Drew,0.03%,Maliyah,0.03%
524,Jalen,0.03%,Oakleigh,0.03%
525,Kylian,0.03%,Opal,0.03%
526,Sutton,0.03%,Oaklyn,0.03%
527,Dominick,0.03%,Kinley,0.03%
528,Reece,0.03%,Kayleigh,0.03%
529,Rodrigo,0.03%,Bonnie,0.03%
530,Soren,0.03%,April,0.03%
531,Kasen,0.03%,Kamryn,0.03%
532,Ridge,0.03%,Mallory,0.03%
533,Zachariah,0.03%,Briar,0.03%
534,Jamir,0.03%,Leona,0.03%
535,Peyton,0.03%,Keira,0.03%
536,Omari,0.03%,Alexa,0.03%
537,Trevor,0.03%,Macie,0.03%
538,Morgan,0.03%,Ariya,0.03%
539,Izaiah,0.03%,Briana,0.03%
540,Alessandro,0.03%,Virginia,0.03%
541,Kaysen,0.03%,Skyler,0.03%
542,Enrique,0.03%,Amber,0.03%
543,Marcelo,0.03%,Hanna,0.03%
544,Sincere,0.03%,Monroe,0.03%
545,Lucian,0.03%,Frankie,0.03%
546,Leandro,0.03%,Miranda,0.03%
547,Armando,0.03%,Dayana,0.03%
548,Braylen,0.03%,Charleigh,0.03%
549,Jayson,0.03%,Meredith,0.03%
550,Julio,0.03%,Carter,0.03%
551,Lawrence,0.03%,Sierra,0.03%
552,Cassius,0.03%,Sunny,0.03%
553,Raul,0.03%,Indie,0.03%
554,Jase,0.03%,Eve,0.03%
555,Mohammad,0.03%,Beatrice,0.03%
556,Zain,0.03%,Nalani,0.03%
557,Jayceon,0.03%,Kyla,0.03%
558,Jonas,0.03%,Clementine,0.03%
559,Ronald,0.03%,Katie,0.03%
560,Ayaan,0.03%,Kennedi,0.03%
561,Rio,0.03%,Myra,0.03%
562,Allen,0.03%,Blaire,0.03%
563,Bruce,0.03%,Davina,0.03%
564,Mohamed,0.03%,Faye,0.03%
565,Dorian,0.03%,Anahi,0.03%
566,Maximilian,0.03%,Madilynn,0.03%
567,Keegan,0.03%,Alejandra,0.03%
568,Shawn,0.03%,Alanna,0.03%
569,Yusuf,0.03%,Ivanna,0.03%
570,Pierce,0.03%,Mariam,0.03%
571,Ariel,0.03%,Yara,0.03%
572,Ander,0.03%,Anne,0.03%
573,Conor,0.03%,Addilyn,0.03%
574,Conrad,0.03%,Braelynn,0.03%
575,Phillip,0.03%,Lilian,0.03%
576,Arjun,0.03%,Dylan,0.03%
577,Roy,0.03%,Amirah,0.03%
578,Moises,0.03%,Lina,0.03%
579,Arturo,0.03%,Reyna,0.03%
580,Johan,0.03%,Amalia,0.03%
581,Gerardo,0.03%,Amani,0.03%
582,Atreus,0.03%,Ryan,0.03%
583,Nikolai,0.03%,Calliope,0.03%
584,Braylon,0.03%,Isabela,0.03%
585,Samson,0.03%,Michaela,0.03%
586,Hezekiah,0.03%,Abby,0.03%
587,Kayce,0.03%,Alia,0.03%
588,Scott,0.03%,Emerie,0.03%
589,Gunnar,0.03%,Lylah,0.03%
590,Jamison,0.03%,Holland,0.03%
591,Samir,0.03%,Sevyn,0.03%
592,Keanu,0.03%,Winnie,0.03%
593,Ledger,0.03%,Leyla,0.03%
594,Jaime,0.03%,Shelby,0.03%
595,Finnley,0.03%,Rosalia,0.03%
596,Cannon,0.03%,Zariyah,0.03%
597,Colby,0.03%,Rhea,0.03%
598,Nikolas,0.03%,Emberly,0.03%
599,Emmitt,0.03%,Marie,0.03%
600,Kamden,0.03%,Nia,0.03%
601,Miller,0.03%,Remy,0.03%
602,Boone,0.03%,Chaya,0.03%
603,Hamza,0.03%,Haley,0.03%
604,Ocean,0.03%,Kaliyah,0.03%
605,Mac,0.02%,Rosa,0.03%
606,Anakin,0.02%,Zahra,0.03%
607,Brixton,0.02%,Jayleen,0.03%
608,Roland,0.02%,Karsyn,0.03%
609,Huxley,0.02%,Malaysia,0.03%
610,Zeke,0.02%,Jaliyah,0.03%
611,Danny,0.02%,Mina,0.03%
612,Marvin,0.02%,Kensley,0.03%
613,Otis,0.02%,Lennox,0.03%
614,Albert,0.02%,Maxine,0.03%
615,Clay,0.02%,Hadassah,0.03%
616,Emir,0.02%,Mikayla,0.03%
617,Boston,0.02%,Margo,0.03%
618,Bruno,0.02%,Noah,0.03%
619,Lionel,0.02%,Azariah,0.03%
620,Ozzy,0.02%,Mara,0.03%
621,Taylor,0.02%,Eileen,0.03%
622,Jamie,0.02%,Florence,0.03%
623,Augustine,0.02%,Melany,0.03%
624,Chaim,0.02%,Reina,0.03%
625,Krew,0.02%,Journi,0.03%
626,Rayan,0.02%,Amaia,0.03%
627,Alden,0.02%,Kaitlyn,0.03%
628,Bellamy,0.02%,Elliott,0.03%
629,Amos,0.02%,Kelsey,0.03%
630,Drake,0.02%,Nola,0.03%
631,Davis,0.02%,Gloria,0.03%
632,Dustin,0.02%,Keilani,0.03%
633,Corey,0.02%,Freyja,0.03%
634,Ahmad,0.02%,Arleth,0.03%
635,Conner,0.02%,Jenna,0.03%
636,Gustavo,0.02%,Sloan,0.03%
637,Layton,0.02%,Analia,0.03%
638,Abram,0.02%,Louise,0.03%
639,Axton,0.02%,Melina,0.03%
640,Chandler,0.02%,Sasha,0.03%
641,Azariah,0.02%,Dior,0.03%
642,Reese,0.02%,Thalia,0.03%
643,Benson,0.02%,Noemi,0.03%
644,Tru,0.02%,Maci,0.03%
645,Case,0.02%,Dallas,0.03%
646,Trey,0.02%,Marina,0.03%
647,Mauricio,0.02%,Aliana,0.03%
648,Westin,0.02%,Ezra,0.03%
649,Gage,0.02%,Adley,0.03%
650,Reign,0.02%,Cassandra,0.03%
651,Creed,0.02%,Aleena,0.03%
652,Mylo,0.02%,Leslie,0.03%
653,Dennis,0.02%,Capri,0.03%
654,Quentin,0.02%,Mckinley,0.03%
655,Madden,0.02%,Angelica,0.03%
656,Rome,0.02%,Romina,0.03%
657,Julien,0.02%,Della,0.03%
658,Sam,0.02%,Kathryn,0.03%
659,Zaid,0.02%,Kyra,0.03%
660,Marcel,0.02%,Milan,0.02%
661,Maximo,0.02%,Tiana,0.02%
662,Layne,0.02%,Khaleesi,0.02%
663,Ahmed,0.02%,Nellie,0.02%
664,Kannon,0.02%,Cleo,0.02%
665,Quincy,0.02%,Murphy,0.02%
666,Yosef,0.02%,Bethany,0.02%
667,Aarav,0.02%,Irene,0.02%
668,Lennon,0.02%,Ellianna,0.02%
669,Ryland,0.02%,Zelda,0.02%
670,Skyler,0.02%,Aleah,0.02%
671,Chris,0.02%,Janelle,0.02%
672,Eliam,0.02%,Yareli,0.02%
673,Kareem,0.02%,Adalee,0.02%
674,Kyree,0.02%,Dani,0.02%
675,Dario,0.02%,Marceline,0.02%
676,Donald,0.02%,Coraline,0.02%
677,Fletcher,0.02%,Estrella,0.02%
678,Darius,0.02%,Ila,0.02%
679,Duke,0.02%,Iyla,0.02%
680,Rayden,0.02%,Mavis,0.02%
681,Salem,0.02%,Kenna,0.02%
682,Vicente,0.02%,Vienna,0.02%
683,Vincenzo,0.02%,Zendaya,0.02%
684,Cayson,0.02%,Cheyenne,0.02%
685,Eliseo,0.02%,Erin,0.02%
686,Issac,0.02%,Karla,0.02%
687,Lian,0.02%,Mikaela,0.02%
688,Clyde,0.02%,Jazmin,0.02%
689,Wilson,0.02%,Persephone,0.02%
690,Santana,0.02%,Elodie,0.02%
691,Tomas,0.02%,Selene,0.02%
692,Dexter,0.02%,Chelsea,0.02%
693,Keith,0.02%,Scout,0.02%
694,Houston,0.02%,Theodora,0.02%
695,Harry,0.02%,Lara,0.02%
696,Uriah,0.02%,Marilyn,0.02%
697,Lee,0.02%,Novah,0.02%
698,Rex,0.02%,Ellis,0.02%
699,Tony,0.02%,Charley,0.02%
700,Carmelo,0.02%,Jemma,0.02%
701,Alberto,0.02%,Amayah,0.02%
702,Loyal,0.02%,Karina,0.02%
703,Trace,0.02%,Kendra,0.02%
704,Alfredo,0.02%,Miley,0.02%
705,Riggs,0.02%,Laney,0.02%
706,Forest,0.02%,Laurel,0.02%
707,Raylan,0.02%,Leilany,0.02%
708,Salvador,0.02%,Halle,0.02%
709,Jakari,0.02%,Jenesis,0.02%
710,Zakai,0.02%,Malaya,0.02%
711,Louie,0.02%,Marleigh,0.02%
712,Flynn,0.02%,Wrenlee,0.02%
713,Leonard,0.02%,Zaylee,0.02%
714,Mohammed,0.02%,Fallon,0.02%
715,Derrick,0.02%,Julie,0.02%
716,Musa,0.02%,Priscilla,0.02%
717,Avi,0.02%,Bellamy,0.02%
718,Ty,0.02%,Adrianna,0.02%
719,Westley,0.02%,Angie,0.02%
720,Ambrose,0.02%,Siena,0.02%
721,Brycen,0.02%,Aileen,0.02%
722,Aron,0.02%,Macy,0.02%
723,Caspian,0.02%,Estelle,0.02%
724,Gatlin,0.02%,Hana,0.02%
725,Harlan,0.02%,Martha,0.02%
726,Dillon,0.02%,Flora,0.02%
727,Emery,0.02%,Kylee,0.02%
728,Nixon,0.02%,Liv,0.02%
729,Tommy,0.02%,Megan,0.02%
730,Watson,0.02%,Sariyah,0.02%
731,Zayd,0.02%,Galilea,0.02%
732,Azrael,0.02%,Penny,0.02%
733,Zyair,0.02%,Jovie,0.02%
734,Azriel,0.02%,Jamie,0.02%
735,Legacy,0.02%,Amoura,0.02%
736,Cillian,0.02%,Emmie,0.02%
737,Alvin,0.02%,Henley,0.02%
738,Bridger,0.02%,Sky,0.02%
739,Alec,0.02%,Christina,0.02%
740,Edison,0.02%,Violeta,0.02%
741,Kingsley,0.02%,Arlet,0.02%
742,Remi,0.02%,Belen,0.02%
743,Briar,0.02%,Aviana,0.02%
744,Jaxxon,0.02%,Kori,0.02%
745,Truett,0.02%,Monica,0.02%
746,Lachlan,0.02%,Savanna,0.02%
747,Cal,0.02%,Naya,0.02%
748,Landen,0.02%,Alena,0.02%
749,Roger,0.02%,Aya,0.02%
750,Alonso,0.02%,Waverly,0.02%
751,Kaiser,0.02%,Brynleigh,0.02%
752,Blaze,0.02%,Aliza,0.02%
753,Jerry,0.02%,Kiana,0.02%
754,Seven,0.02%,Love,0.02%
755,Kenji,0.02%,Clover,0.02%
756,Noe,0.02%,Pearl,0.02%
757,Quinton,0.02%,Skyla,0.02%
758,Grey,0.02%,Bria,0.02%
759,Jefferson,0.02%,Ocean,0.02%
760,Marcellus,0.02%,Alisson,0.02%
761,Ray,0.02%,Treasure,0.02%
762,Kyro,0.02%,Lillie,0.02%
763,Benicio,0.02%,Jaylani,0.02%
764,Justice,0.02%,Liberty,0.02%
765,Neil,0.02%,Rayna,0.02%
766,Idris,0.02%,Milana,0.02%
767,Bear,0.02%,Zaria,0.02%
768,Kiaan,0.02%,Emerald,0.02%
769,Wayne,0.02%,Halo,0.02%
770,Ben,0.02%,Taytum,0.02%
771,Junior,0.02%,Andi,0.02%
772,Karim,0.02%,Milena,0.02%
773,Yehuda,0.02%,Noor,0.02%
774,Jimmy,0.02%,Kataleya,0.02%
775,Ramon,0.02%,Kimber,0.02%
776,Bjorn,0.02%,Carly,0.02%
777,Nathanael,0.02%,Jream,0.02%
778,Stanley,0.02%,Samira,0.02%
779,Hassan,0.02%,Ashlyn,0.02%
780,Magnus,0.02%,Hunter,0.02%
781,Trenton,0.02%,Marlowe,0.02%
782,Brayan,0.02%,Promise,0.02%
783,Brock,0.02%,Joelle,0.02%
784,Jagger,0.02%,Dulce,0.02%
785,Cason,0.02%,Lea,0.02%
786,Dakari,0.02%,Ashlynn,0.02%
787,Rey,0.02%,Zoya,0.02%
788,Abdiel,0.02%,Elliot,0.02%
789,Abdullah,0.02%,Jolie,0.02%
790,Casen,0.02%,Kai,0.02%
791,Jiraiya,0.02%,Bridget,0.02%
792,Lance,0.02%,Johanna,0.02%
793,Misael,0.02%,Paulina,0.02%
794,Alvaro,0.02%,Ramona,0.02%
795,Robin,0.02%,Aila,0.02%
796,Langston,0.02%,Jessie,0.02%
797,Nelson,0.02%,Mercy,0.02%
798,Wes,0.02%,Rayne,0.02%
799,Khari,0.02%,Rivka,0.02%
800,Landyn,0.02%,Arlette,0.02%
801,Jakai,0.02%,Paula,0.02%
802,Lochlan,0.02%,Valery,0.02%
803,Valentin,0.02%,Birdie,0.02%
804,Keaton,0.02%,Nala,0.02%
805,Amias,0.02%,Kelly,0.02%
806,Joziah,0.02%,Kinslee,0.02%
807,Thaddeus,0.02%,Linda,0.02%
808,Jedidiah,0.02%,Madisyn,0.02%
809,Orlando,0.02%,Aspyn,0.02%
810,Eliel,0.02%,Baylor,0.02%
811,Hugh,0.02%,Chana,0.02%
812,Koen,0.02%,Zaniyah,0.02%
813,Calum,0.02%,Goldie,0.02%
814,Enoch,0.02%,Marianna,0.02%
815,Mitchell,0.02%,Novalee,0.02%
816,Rohan,0.02%,Loretta,0.02%
817,Aryan,0.02%,Elyse,0.02%
818,Dilan,0.02%,Stormi,0.02%
819,Aden,0.02%,Adele,0.02%
820,Allan,0.02%,Berkley,0.02%
821,Leighton,0.02%,Anika,0.02%
822,Elisha,0.02%,Marisol,0.02%
823,Evander,0.02%,Kassidy,0.02%
824,Castiel,0.02%,Roselyn,0.02%
825,Curtis,0.02%,Louisa,0.02%
826,Kellen,0.02%,Alexia,0.02%
827,Dash,0.02%,Dalia,0.02%
828,Douglas,0.02%,Ensley,0.02%
829,Eddie,0.02%,Hayley,0.02%
830,Melvin,0.02%,Jayda,0.02%
831,Avyaan,0.02%,Harmoni,0.02%
832,Everest,0.02%,Jada,0.02%
833,Zamir,0.02%,Marigold,0.02%
834,Ricky,0.02%,Zayla,0.02%
835,Dutton,0.02%,Ayleen,0.02%
836,Yahir,0.02%,Natasha,0.02%
837,Devon,0.02%,Sol,0.02%
838,Franco,0.02%,Annika,0.02%
839,Khaza,0.02%,Malayah,0.02%
840,Dior,0.02%,Drew,0.02%
841,Leif,0.02%,Anais,0.02%
842,Sevyn,0.02%,Angelique,0.02%
843,Guillermo,0.02%,Zhuri,0.02%
844,Ira,0.02%,Aliya,0.02%
845,Emory,0.02%,Azaria,0.02%
846,Felipe,0.02%,Zora,0.02%
847,Titan,0.02%,Allyson,0.02%
848,Alfred,0.02%,Brittany,0.02%
849,Azael,0.02%,Kamiyah,0.02%
850,Zahir,0.02%,Gwen,0.02%
851,Kellan,0.02%,Vada,0.02%
852,Darren,0.02%,Giuliana,0.02%
853,Rudy,0.02%,Elina,0.02%
854,Ayan,0.02%,Hadlee,0.02%
855,Leroy,0.02%,Itzayana,0.02%
856,Anders,0.02%,Jianna,0.02%
857,Ishaan,0.02%,Cadence,0.02%
858,Reuben,0.02%,Greta,0.02%
859,Boden,0.02%,Lilianna,0.02%
860,Mccoy,0.02%,Denver,0.02%
861,Heath,0.01%,Robin,0.02%
862,Kase,0.01%,August,0.02%
863,Wylder,0.01%,Jazmine,0.02%
864,Judson,0.01%,Royal,0.02%
865,Khai,0.01%,Braelyn,0.02%
866,Kye,0.01%,Celia,0.02%
867,Axl,0.01%,Yamileth,0.02%
868,Crue,0.01%,Avayah,0.02%
869,Ernesto,0.01%,Baylee,0.02%
870,Ahmir,0.01%,Iliana,0.02%
871,Zyon,0.01%,Teresa,0.02%
872,Aries,0.01%,Amelie,0.02%
873,Mustafa,0.01%,Judith,0.02%
874,Santos,0.01%,Kara,0.02%
875,Dane,0.01%,Lacey,0.02%
876,Damari,0.01%,Amiri,0.02%
877,Elio,0.01%,Elowyn,0.02%
878,Jadiel,0.01%,Georgina,0.02%
879,Jovanni,0.01%,Justice,0.02%
880,Salvatore,0.01%,Emmalyn,0.02%
881,Mathew,0.01%,Harlee,0.02%
882,Kolson,0.01%,Kamari,0.02%
883,Nova,0.01%,Kaydence,0.02%
884,Brendan,0.01%,Khalani,0.02%
885,Murphy,0.01%,Luisa,0.02%
886,Brodie,0.01%,Whitley,0.02%
887,Damir,0.01%,Bailee,0.02%
888,Rocky,0.01%,Cynthia,0.02%
889,Larry,0.01%,Karter,0.02%
890,Fisher,0.01%,Livia,0.02%
891,Waylen,0.01%,Aubrie,0.02%
892,Byron,0.01%,Veda,0.02%
893,Ermias,0.01%,Janiyah,0.02%
894,Joey,0.01%,Salma,0.02%
895,Joe,0.01%,Araya,0.02%
896,Jon,0.01%,Aubrielle,0.02%
897,Arian,0.01%,Bexley,0.02%
898,Chosen,0.01%,Giana,0.02%
899,Jairo,0.01%,Keyla,0.02%
900,Vihaan,0.01%,Katelyn,0.02%
901,Kylen,0.01%,Saoirse,0.02%
902,Ameer,0.01%,Sariah,0.02%
903,Dion,0.01%,Araceli,0.02%
904,Jrue,0.01%,Artemis,0.02%
905,Kaizen,0.01%,Averi,0.02%
906,Yousef,0.01%,Yasmin,0.02%
907,Bryant,0.01%,Kaiya,0.02%
908,Cullen,0.01%,Emberlynn,0.02%
909,Kaisen,0.01%,Amaris,0.02%
910,Kelvin,0.01%,Sapphire,0.02%
911,Zen,0.01%,Kallie,0.02%
912,Kartier,0.01%,Shay,0.02%
913,Randy,0.01%,Guinevere,0.02%
914,Shepard,0.01%,Lilyana,0.02%
915,Alaric,0.01%,Magdalena,0.02%
916,Cain,0.01%,Tinsley,0.02%
917,Jeremias,0.01%,Zainab,0.02%
918,Alfonso,0.01%,Deborah,0.02%
919,Brecken,0.01%,Kenia,0.02%
920,Colten,0.01%,Laylah,0.02%
921,Gian,0.01%,Layne,0.02%
922,Rhodes,0.01%,Scottie,0.02%
923,Wesson,0.01%,Carla,0.02%
924,Duncan,0.01%,Chandler,0.02%
925,Harold,0.01%,Rosalina,0.02%
926,Henrik,0.01%,Kairi,0.02%
927,Harley,0.01%,Lauryn,0.02%
928,Alistair,0.01%,Nyomi,0.02%
929,Agustin,0.01%,Raina,0.02%
930,Jericho,0.01%,Aubriella,0.02%
931,Talon,0.01%,Elia,0.02%
932,Westyn,0.01%,Lenora,0.02%
933,Cassian,0.01%,Lisa,0.02%
934,Eugene,0.01%,Nori,0.02%
935,Ryatt,0.01%,Tiffany,0.02%
936,Shmuel,0.01%,Giovanna,0.02%
937,Braden,0.01%,Jaylah,0.02%
938,Yahya,0.01%,Rosalyn,0.02%
939,Aldo,0.01%,Chanel,0.02%
940,Dangelo,0.01%,Maddie,0.02%
941,Ezrah,0.01%,Avah,0.02%
942,Korbin,0.01%,Leanna,0.02%
943,Zavier,0.01%,Luz,0.02%
944,Bronson,0.01%,Addilynn,0.02%
945,Teo,0.01%,Brylee,0.02%
946,Jones,0.01%,Casey,0.02%
947,Neo,0.01%,Laylani,0.02%
948,Stefan,0.01%,Tru,0.02%
949,Van,0.01%,Billie,0.02%
950,Mekhi,0.01%,Lottie,0.02%
951,Coleson,0.01%,Alianna,0.02%
952,Eren,0.01%,Meilani,0.02%
953,Ignacio,0.01%,Lexie,0.02%
954,Kristian,0.01%,Nathalia,0.02%
955,Harlem,0.01%,Avalynn,0.02%
956,Zev,0.01%,Julissa,0.02%
957,Canaan,0.01%,Paloma,0.02%
958,Cedric,0.01%,Rosalee,0.02%
959,Khalid,0.01%,Rebekah,0.02%
960,Bode,0.01%,Simone,0.02%
961,Gary,0.01%,Egypt,0.02%
962,Rene,0.01%,Scarlette,0.02%
963,Benedict,0.01%,Sarahi,0.02%
964,Maxton,0.01%,Alaiya,0.02%
965,Thatcher,0.01%,Hadleigh,0.02%
966,Wallace,0.01%,Inaya,0.02%
967,Davian,0.01%,Keily,0.02%
968,Gordon,0.01%,Lakelynn,0.02%
969,Niklaus,0.01%,Nyra,0.02%
970,Yisroel,0.01%,Princess,0.02%
971,Kabir,0.01%,Rowyn,0.02%
972,Osman,0.01%,Vida,0.02%
973,Adler,0.01%,Elisabeth,0.02%
974,Darian,0.01%,India,0.02%
975,Terry,0.01%,Ryann,0.02%
976,Cartier,0.01%,Barbara,0.02%
977,Osiris,0.01%,Belle,0.02%
978,Vance,0.01%,Saanvi,0.02%
979,Demetrius,0.01%,Xyla,0.02%
980,Kamryn,0.01%,Winona,0.02%
981,Lux,0.01%,Aadhya,0.02%
982,Stone,0.01%,Indigo,0.02%
983,Jaxx,0.01%,Lakelyn,0.02%
984,Kooper,0.01%,Paola,0.02%
985,Rodney,0.01%,Emmeline,0.01%
986,Aurelio,0.01%,Joyce,0.01%
987,Darwin,0.01%,Kamilah,0.01%
988,Jakob,0.01%,Maisy,0.01%
989,Zechariah,0.01%,Rylan,0.01%
990,Brennan,0.01%,Soleil,0.01%
991,Marlon,0.01%,Ainhoa,0.01%
992,Meir,0.01%,Maleah,0.01%
993,Yael,0.01%,Neriah,0.01%
994,Asaiah,0.01%,Elsa,0.01%
995,Atharv,0.01%,Emiliana,0.01%
996,Imran,0.01%,Luella,0.01%
997,Ivaan,0.01%,Nancy,0.01%
998,Kanan,0.01%,Cielo,0.01%
999,Kalel,0.01%,Madalyn,0.01%
1000,London,0.01%,Kahlani,0.01%
